도시이름,날짜,요일한글,방문객한글,방문자수
전주시 덕진구,20210101,금요일,외지인(b),56424 
전주시 덕진구,20210102,토요일,외지인(b),69759 
전주시 덕진구,20210103,일요일,외지인(b),54845 
전주시 덕진구,20210104,월요일,외지인(b),62927 
전주시 덕진구,20210105,화요일,외지인(b),63609 
전주시 덕진구,20210106,수요일,외지인(b),63623 
전주시 덕진구,20210107,목요일,외지인(b),52574 
전주시 덕진구,20210108,금요일,외지인(b),62829 
전주시 덕진구,20210109,토요일,외지인(b),68254 
전주시 덕진구,20210110,일요일,외지인(b),54915 
전주시 덕진구,20210111,월요일,외지인(b),66483 
전주시 덕진구,20210112,화요일,외지인(b),69643 
전주시 덕진구,20210113,수요일,외지인(b),73192 
전주시 덕진구,20210114,목요일,외지인(b),76440 
전주시 덕진구,20210115,금요일,외지인(b),80521 
전주시 덕진구,20210116,토요일,외지인(b),84672 
전주시 덕진구,20210117,일요일,외지인(b),67004 
전주시 덕진구,20210118,월요일,외지인(b),65478 
전주시 덕진구,20210119,화요일,외지인(b),77326 
전주시 덕진구,20210120,수요일,외지인(b),80560 
전주시 덕진구,20210121,목요일,외지인(b),79744 
전주시 덕진구,20210122,금요일,외지인(b),87045 
전주시 덕진구,20210123,토요일,외지인(b),91368 
전주시 덕진구,20210124,일요일,외지인(b),77427 
전주시 덕진구,20210125,월요일,외지인(b),81974 
전주시 덕진구,20210126,화요일,외지인(b),80535 
전주시 덕진구,20210127,수요일,외지인(b),85260 
전주시 덕진구,20210128,목요일,외지인(b),79639 
전주시 덕진구,20210129,금요일,외지인(b),85757 
전주시 덕진구,20210130,토요일,외지인(b),93615 
전주시 덕진구,20210131,일요일,외지인(b),79947 
전주시 덕진구,20210201,월요일,외지인(b),65314 
전주시 덕진구,20210202,화요일,외지인(b),68187 
전주시 덕진구,20210203,수요일,외지인(b),69507 
전주시 덕진구,20210204,목요일,외지인(b),71572 
전주시 덕진구,20210205,금요일,외지인(b),80693 
전주시 덕진구,20210206,토요일,외지인(b),85498 
전주시 덕진구,20210207,일요일,외지인(b),72188 
전주시 덕진구,20210208,월요일,외지인(b),76885 
전주시 덕진구,20210209,화요일,외지인(b),81386 
전주시 덕진구,20210210,수요일,외지인(b),93849 
전주시 덕진구,20210211,목요일,외지인(b),99379 
전주시 덕진구,20210212,금요일,외지인(b),115301 
전주시 덕진구,20210213,토요일,외지인(b),101994 
전주시 덕진구,20210214,일요일,외지인(b),78628 
전주시 덕진구,20210215,월요일,외지인(b),78890 
전주시 덕진구,20210216,화요일,외지인(b),78663 
전주시 덕진구,20210217,수요일,외지인(b),73983 
전주시 덕진구,20210218,목요일,외지인(b),81459 
전주시 덕진구,20210219,금요일,외지인(b),92281 
전주시 덕진구,20210220,토요일,외지인(b),106694 
전주시 덕진구,20210221,일요일,외지인(b),91662 
전주시 덕진구,20210222,월요일,외지인(b),93860 
전주시 덕진구,20210223,화요일,외지인(b),90216 
전주시 덕진구,20210224,수요일,외지인(b),91886 
전주시 덕진구,20210225,목요일,외지인(b),90549 
전주시 덕진구,20210226,금요일,외지인(b),102610 
전주시 덕진구,20210227,토요일,외지인(b),121622 
전주시 덕진구,20210228,일요일,외지인(b),108238 
전주시 덕진구,20210301,월요일,외지인(b),70357 
전주시 덕진구,20210302,화요일,외지인(b),78757 
전주시 덕진구,20210303,수요일,외지인(b),80896 
전주시 덕진구,20210304,목요일,외지인(b),82103 
전주시 덕진구,20210305,금요일,외지인(b),92285 
전주시 덕진구,20210306,토요일,외지인(b),101700 
전주시 덕진구,20210307,일요일,외지인(b),83514 
전주시 덕진구,20210308,월요일,외지인(b),84924 
전주시 덕진구,20210309,화요일,외지인(b),88827 
전주시 덕진구,20210310,수요일,외지인(b),89810 
전주시 덕진구,20210311,목요일,외지인(b),91301 
전주시 덕진구,20210312,금요일,외지인(b),95568 
전주시 덕진구,20210313,토요일,외지인(b),110695 
전주시 덕진구,20210314,일요일,외지인(b),94735 
전주시 덕진구,20210315,월요일,외지인(b),90290 
전주시 덕진구,20210316,화요일,외지인(b),94301 
전주시 덕진구,20210317,수요일,외지인(b),93065 
전주시 덕진구,20210318,목요일,외지인(b),92309 
전주시 덕진구,20210319,금요일,외지인(b),100730 
전주시 덕진구,20210320,토요일,외지인(b),109064 
전주시 덕진구,20210321,일요일,외지인(b),90398 
전주시 덕진구,20210322,월요일,외지인(b),88666 
전주시 덕진구,20210323,화요일,외지인(b),91896 
전주시 덕진구,20210324,수요일,외지인(b),92617 
전주시 덕진구,20210325,목요일,외지인(b),96131 
전주시 덕진구,20210326,금요일,외지인(b),106257 
전주시 덕진구,20210327,토요일,외지인(b),106978 
전주시 덕진구,20210328,일요일,외지인(b),93205 
전주시 덕진구,20210329,월요일,외지인(b),92519 
전주시 덕진구,20210330,화요일,외지인(b),98231 
전주시 덕진구,20210331,수요일,외지인(b),101297 
전주시 덕진구,20210401,목요일,외지인(b),70585 
전주시 덕진구,20210402,금요일,외지인(b),79538 
전주시 덕진구,20210403,토요일,외지인(b),86153 
전주시 덕진구,20210404,일요일,외지인(b),69461 
전주시 덕진구,20210405,월요일,외지인(b),69153 
전주시 덕진구,20210406,화요일,외지인(b),70021 
전주시 덕진구,20210407,수요일,외지인(b),68495 
전주시 덕진구,20210408,목요일,외지인(b),70357 
전주시 덕진구,20210409,금요일,외지인(b),79751 
전주시 덕진구,20210410,토요일,외지인(b),99894 
전주시 덕진구,20210411,일요일,외지인(b),85197 
전주시 덕진구,20210412,월요일,외지인(b),66735 
전주시 덕진구,20210413,화요일,외지인(b),69549 
전주시 덕진구,20210414,수요일,외지인(b),71078 
전주시 덕진구,20210415,목요일,외지인(b),74536 
전주시 덕진구,20210416,금요일,외지인(b),80546 
전주시 덕진구,20210417,토요일,외지인(b),105588 
전주시 덕진구,20210418,일요일,외지인(b),86909 
전주시 덕진구,20210419,월요일,외지인(b),75390 
전주시 덕진구,20210420,화요일,외지인(b),77312 
전주시 덕진구,20210421,수요일,외지인(b),77735 
전주시 덕진구,20210422,목요일,외지인(b),78985 
전주시 덕진구,20210423,금요일,외지인(b),90671 
전주시 덕진구,20210424,토요일,외지인(b),109645 
전주시 덕진구,20210425,일요일,외지인(b),92859 
전주시 덕진구,20210426,월요일,외지인(b),81193 
전주시 덕진구,20210427,화요일,외지인(b),80896 
전주시 덕진구,20210428,수요일,외지인(b),81634 
전주시 덕진구,20210429,목요일,외지인(b),84490 
전주시 덕진구,20210430,금요일,외지인(b),97153 
전주시 덕진구,20210501,토요일,외지인(b),101896 
전주시 덕진구,20210502,일요일,외지인(b),92673 
전주시 덕진구,20210503,월요일,외지인(b),75835 
전주시 덕진구,20210504,화요일,외지인(b),79629 
전주시 덕진구,20210505,수요일,외지인(b),92099 
전주시 덕진구,20210506,목요일,외지인(b),80801 
전주시 덕진구,20210507,금요일,외지인(b),91665 
전주시 덕진구,20210508,토요일,외지인(b),120351 
전주시 덕진구,20210509,일요일,외지인(b),102914 
전주시 덕진구,20210510,월요일,외지인(b),74477 
전주시 덕진구,20210511,화요일,외지인(b),74183 
전주시 덕진구,20210512,수요일,외지인(b),79695 
전주시 덕진구,20210513,목요일,외지인(b),80959 
전주시 덕진구,20210514,금요일,외지인(b),91126 
전주시 덕진구,20210515,토요일,외지인(b),106271 
전주시 덕진구,20210516,일요일,외지인(b),78313 
전주시 덕진구,20210517,월요일,외지인(b),77655 
전주시 덕진구,20210518,화요일,외지인(b),90409 
전주시 덕진구,20210519,수요일,외지인(b),94322 
전주시 덕진구,20210520,목요일,외지인(b),83059 
전주시 덕진구,20210521,금요일,외지인(b),92222 
전주시 덕진구,20210522,토요일,외지인(b),115336 
전주시 덕진구,20210523,일요일,외지인(b),93156 
전주시 덕진구,20210524,월요일,외지인(b),81445 
전주시 덕진구,20210525,화요일,외지인(b),83657 
전주시 덕진구,20210526,수요일,외지인(b),85918 
전주시 덕진구,20210527,목요일,외지인(b),84371 
전주시 덕진구,20210528,금요일,외지인(b),92008 
전주시 덕진구,20210529,토요일,외지인(b),115864 
전주시 덕진구,20210530,일요일,외지인(b),96128 
전주시 덕진구,20210531,월요일,외지인(b),87710 
전주시 덕진구,20210601,화요일,외지인(b),73511 
전주시 덕진구,20210602,수요일,외지인(b),76433 
전주시 덕진구,20210603,목요일,외지인(b),75516 
전주시 덕진구,20210604,금요일,외지인(b),89950 
전주시 덕진구,20210605,토요일,외지인(b),111083 
전주시 덕진구,20210606,일요일,외지인(b),87185 
전주시 덕진구,20210607,월요일,외지인(b),79114 
전주시 덕진구,20210608,화요일,외지인(b),81505 
전주시 덕진구,20210609,수요일,외지인(b),82044 
전주시 덕진구,20210610,목요일,외지인(b),82922 
전주시 덕진구,20210611,금요일,외지인(b),92043 
전주시 덕진구,20210612,토요일,외지인(b),106075 
전주시 덕진구,20210613,일요일,외지인(b),87665 
전주시 덕진구,20210614,월요일,외지인(b),83272 
전주시 덕진구,20210615,화요일,외지인(b),84522 
전주시 덕진구,20210616,수요일,외지인(b),86940 
전주시 덕진구,20210617,목요일,외지인(b),88557 
전주시 덕진구,20210618,금요일,외지인(b),97927 
전주시 덕진구,20210619,토요일,외지인(b),116155 
전주시 덕진구,20210620,일요일,외지인(b),95834 
전주시 덕진구,20210621,월요일,외지인(b),87402 
전주시 덕진구,20210622,화요일,외지인(b),91644 
전주시 덕진구,20210623,수요일,외지인(b),89072 
전주시 덕진구,20210624,목요일,외지인(b),91991 
전주시 덕진구,20210625,금요일,외지인(b),100982 
전주시 덕진구,20210626,토요일,외지인(b),116295 
전주시 덕진구,20210627,일요일,외지인(b),97594 
전주시 덕진구,20210628,월요일,외지인(b),89866 
전주시 덕진구,20210629,화요일,외지인(b),91924 
전주시 덕진구,20210630,수요일,외지인(b),92635 
전주시 덕진구,20210701,목요일,외지인(b),73500 
전주시 덕진구,20210702,금요일,외지인(b),85526 
전주시 덕진구,20210703,토요일,외지인(b),95211 
전주시 덕진구,20210704,일요일,외지인(b),81519 
전주시 덕진구,20210705,월요일,외지인(b),75201 
전주시 덕진구,20210706,화요일,외지인(b),74344 
전주시 덕진구,20210707,수요일,외지인(b),74288 
전주시 덕진구,20210708,목요일,외지인(b),79489 
전주시 덕진구,20210709,금요일,외지인(b),90087 
전주시 덕진구,20210710,토요일,외지인(b),104041 
전주시 덕진구,20210711,일요일,외지인(b),88606 
전주시 덕진구,20210712,월요일,외지인(b),81494 
전주시 덕진구,20210713,화요일,외지인(b),83237 
전주시 덕진구,20210714,수요일,외지인(b),82873 
전주시 덕진구,20210715,목요일,외지인(b),85299 
전주시 덕진구,20210716,금요일,외지인(b),93191 
전주시 덕진구,20210717,토요일,외지인(b),105200 
전주시 덕진구,20210718,일요일,외지인(b),88722 
전주시 덕진구,20210719,월요일,외지인(b),86177 
전주시 덕진구,20210720,화요일,외지인(b),87238 
전주시 덕진구,20210721,수요일,외지인(b),88060 
전주시 덕진구,20210722,목요일,외지인(b),90850 
전주시 덕진구,20210723,금요일,외지인(b),97755 
전주시 덕진구,20210724,토요일,외지인(b),103054 
전주시 덕진구,20210725,일요일,외지인(b),89954 
전주시 덕진구,20210726,월요일,외지인(b),90657 
전주시 덕진구,20210727,화요일,외지인(b),90090 
전주시 덕진구,20210728,수요일,외지인(b),90129 
전주시 덕진구,20210729,목요일,외지인(b),93286 
전주시 덕진구,20210730,금요일,외지인(b),101304 
전주시 덕진구,20210731,토요일,외지인(b),108031 
전주시 덕진구,20210801,일요일,외지인(b),78232 
전주시 덕진구,20210802,월요일,외지인(b),82835 
전주시 덕진구,20210803,화요일,외지인(b),85439 
전주시 덕진구,20210804,수요일,외지인(b),80997 
전주시 덕진구,20210805,목요일,외지인(b),82684 
전주시 덕진구,20210806,금요일,외지인(b),88295 
전주시 덕진구,20210807,토요일,외지인(b),99393 
전주시 덕진구,20210808,일요일,외지인(b),78446 
전주시 덕진구,20210809,월요일,외지인(b),81816 
전주시 덕진구,20210810,화요일,외지인(b),82334 
전주시 덕진구,20210811,수요일,외지인(b),85817 
전주시 덕진구,20210812,목요일,외지인(b),83132 
전주시 덕진구,20210813,금요일,외지인(b),92768 
전주시 덕진구,20210814,토요일,외지인(b),102617 
전주시 덕진구,20210815,일요일,외지인(b),98441 
전주시 덕진구,20210816,월요일,외지인(b),86982 
전주시 덕진구,20210817,화요일,외지인(b),85775 
전주시 덕진구,20210818,수요일,외지인(b),83416 
전주시 덕진구,20210819,목요일,외지인(b),86100 
전주시 덕진구,20210820,금요일,외지인(b),94546 
전주시 덕진구,20210821,토요일,외지인(b),89758 
전주시 덕진구,20210822,일요일,외지인(b),84784 
전주시 덕진구,20210823,월요일,외지인(b),79800 
전주시 덕진구,20210824,화요일,외지인(b),80549 
전주시 덕진구,20210825,수요일,외지인(b),86426 
전주시 덕진구,20210826,목요일,외지인(b),88221 
전주시 덕진구,20210827,금요일,외지인(b),85292 
전주시 덕진구,20210828,토요일,외지인(b),98210 
전주시 덕진구,20210829,일요일,외지인(b),79100 
전주시 덕진구,20210830,월요일,외지인(b),84459 
전주시 덕진구,20210901,수요일,외지인(b),69108 
전주시 덕진구,20210902,목요일,외지인(b),72408 
전주시 덕진구,20210903,금요일,외지인(b),80791 
전주시 덕진구,20210904,토요일,외지인(b),96887 
전주시 덕진구,20210905,일요일,외지인(b),76549 
전주시 덕진구,20210906,월요일,외지인(b),74669 
전주시 덕진구,20210907,화요일,외지인(b),76220 
전주시 덕진구,20210908,수요일,외지인(b),81298 
전주시 덕진구,20210909,목요일,외지인(b),85358 
전주시 덕진구,20210910,금요일,외지인(b),92768 
전주시 덕진구,20210911,토요일,외지인(b),108350 
전주시 덕진구,20210912,일요일,외지인(b),89369 
전주시 덕진구,20210913,월요일,외지인(b),86968 
전주시 덕진구,20210914,화요일,외지인(b),89989 
전주시 덕진구,20210915,수요일,외지인(b),91375 
전주시 덕진구,20210916,목요일,외지인(b),93331 
전주시 덕진구,20210917,금요일,외지인(b),101451 
전주시 덕진구,20210918,토요일,외지인(b),120869 
전주시 덕진구,20210919,일요일,외지인(b),126154 
전주시 덕진구,20210920,월요일,외지인(b),132391 
전주시 덕진구,20210921,화요일,외지인(b),138331 
전주시 덕진구,20210922,수요일,외지인(b),103915 
전주시 덕진구,20210923,목요일,외지인(b),93583 
전주시 덕진구,20210924,금요일,외지인(b),96954 
전주시 덕진구,20210925,토요일,외지인(b),106397 
전주시 덕진구,20210926,일요일,외지인(b),88858 
전주시 덕진구,20210927,월요일,외지인(b),90664 
